<?xml version="1.0" encoding="UTF-8"?><module codename="org.netbeans.core.multitabs/1">
    <module_version install_time="1416339960212" last="true" origin="installer" specification_version="1.8.1.1">
        <file crc="3018881510" name="config/Modules/org-netbeans-core-multitabs.xml"/>
        <file crc="1134545760" name="modules/locale/org-netbeans-core-multitabs_ja.jar"/>
        <file crc="2929912459" name="modules/locale/org-netbeans-core-multitabs_pt_BR.jar"/>
        <file crc="71748036" name="modules/locale/org-netbeans-core-multitabs_ru.jar"/>
        <file crc="843832436" name="modules/locale/org-netbeans-core-multitabs_zh_CN.jar"/>
        <file crc="4000203736" name="modules/org-netbeans-core-multitabs.jar"/>
    </module_version>
</module>
