<?xml version="1.0" encoding="UTF-8"?><module codename="org.netbeans.swing.plaf">
    <module_version install_time="1416337921367" last="true" origin="installer" specification_version="1.37.1">
        <file crc="4198966476" name="config/Modules/org-netbeans-swing-plaf.xml"/>
        <file crc="1458523185" name="modules/locale/org-netbeans-swing-plaf_ja.jar"/>
        <file crc="400747507" name="modules/locale/org-netbeans-swing-plaf_pt_BR.jar"/>
        <file crc="1833291080" name="modules/locale/org-netbeans-swing-plaf_ru.jar"/>
        <file crc="2915707407" name="modules/locale/org-netbeans-swing-plaf_zh_CN.jar"/>
        <file crc="2550287521" name="modules/org-netbeans-swing-plaf.jar"/>
    </module_version>
</module>
