<?xml version="1.0" encoding="UTF-8"?><module codename="org.netbeans.modules.masterfs.nio2">
    <module_version install_time="1416338258664" last="true" origin="installer" specification_version="1.12.1">
        <file crc="1000323626" name="config/Modules/org-netbeans-modules-masterfs-nio2.xml"/>
        <file crc="1034877879" name="modules/locale/org-netbeans-modules-masterfs-nio2_ja.jar"/>
        <file crc="4135812709" name="modules/locale/org-netbeans-modules-masterfs-nio2_pt_BR.jar"/>
        <file crc="2014995774" name="modules/locale/org-netbeans-modules-masterfs-nio2_ru.jar"/>
        <file crc="3683602956" name="modules/locale/org-netbeans-modules-masterfs-nio2_zh_CN.jar"/>
        <file crc="905328824" name="modules/org-netbeans-modules-masterfs-nio2.jar"/>
    </module_version>
</module>
