<?xml version="1.0" encoding="UTF-8" standalone="no"?>
<module codename="org.openide.util.lookup">
    <module_version install_time="1416337933271" last="false" origin="installer" specification_version="8.25.1">
        <file crc="1783373366" name="lib/locale/org-openide-util-lookup_ja.jar"/>
        <file crc="3426135209" name="lib/locale/org-openide-util-lookup_pt_BR.jar"/>
        <file crc="4149606039" name="lib/locale/org-openide-util-lookup_ru.jar"/>
        <file crc="845960794" name="lib/locale/org-openide-util-lookup_zh_CN.jar"/>
        <file crc="3936494707" name="lib/org-openide-util-lookup.jar"/>
    </module_version>
    <module_version install_time="1433945884426" last="true" origin="NetBeans Distribution" specification_version="8.25.2">
        <file crc="87282726" name="lib/locale/org-openide-util-lookup_ja.jar"/>
        <file crc="3038768940" name="lib/locale/org-openide-util-lookup_pt_BR.jar"/>
        <file crc="1933660419" name="lib/locale/org-openide-util-lookup_ru.jar"/>
        <file crc="2316717391" name="lib/locale/org-openide-util-lookup_zh_CN.jar"/>
        <file crc="2580098499" name="lib/org-openide-util-lookup.jar"/>
    </module_version>
</module>
