<?xml version="1.0" encoding="UTF-8"?><module codename="org.netbeans.core.ui/1">
    <module_version install_time="1416339286141" last="true" origin="installer" specification_version="1.41.1">
        <file crc="3186674130" name="config/Modules/org-netbeans-core-ui.xml"/>
        <file crc="905435473" name="modules/locale/org-netbeans-core-ui_ja.jar"/>
        <file crc="2386942646" name="modules/locale/org-netbeans-core-ui_pt_BR.jar"/>
        <file crc="443761288" name="modules/locale/org-netbeans-core-ui_ru.jar"/>
        <file crc="328345230" name="modules/locale/org-netbeans-core-ui_zh_CN.jar"/>
        <file crc="1579831932" name="modules/org-netbeans-core-ui.jar"/>
    </module_version>
</module>
