<?xml version="1.0" encoding="UTF-8"?><module codename="org.netbeans.core.execution/1">
    <module_version install_time="1416339034292" last="true" origin="installer" specification_version="1.37.1">
        <file crc="131205059" name="config/Modules/org-netbeans-core-execution.xml"/>
        <file crc="2889526337" name="modules/locale/org-netbeans-core-execution_ja.jar"/>
        <file crc="2688390993" name="modules/locale/org-netbeans-core-execution_pt_BR.jar"/>
        <file crc="8864560" name="modules/locale/org-netbeans-core-execution_ru.jar"/>
        <file crc="436742530" name="modules/locale/org-netbeans-core-execution_zh_CN.jar"/>
        <file crc="1349969597" name="modules/org-netbeans-core-execution.jar"/>
    </module_version>
</module>
