<?xml version="1.0" encoding="UTF-8"?><module codename="org.netbeans.libs.jna/1">
    <module_version install_time="1416338054922" last="true" origin="installer" specification_version="1.38.1">
        <file crc="1637808577" name="config/Modules/org-netbeans-libs-jna.xml"/>
        <file crc="936342863" name="modules/ext/jna-4.1.0.jar"/>
        <file crc="539543304" name="modules/lib/amd64/jnidispatch-410.dll"/>
        <file crc="2938837592" name="modules/lib/amd64/linux/libjnidispatch-410.so"/>
        <file crc="2948823769" name="modules/lib/i386/linux/libjnidispatch-410.so"/>
        <file crc="1687717290" name="modules/lib/libjnidispatch-410.jnilib"/>
        <file crc="63005973" name="modules/lib/x86/jnidispatch-410.dll"/>
        <file crc="1843179349" name="modules/locale/org-netbeans-libs-jna_ja.jar"/>
        <file crc="2799958406" name="modules/locale/org-netbeans-libs-jna_pt_BR.jar"/>
        <file crc="3557675993" name="modules/locale/org-netbeans-libs-jna_ru.jar"/>
        <file crc="953583799" name="modules/locale/org-netbeans-libs-jna_zh_CN.jar"/>
        <file crc="1645989315" name="modules/org-netbeans-libs-jna.jar"/>
    </module_version>
</module>
