<?xml version="1.0" encoding="UTF-8"?><module codename="org.netbeans.modules.javahelp/1">
    <module_version install_time="1416338905670" last="true" origin="installer" specification_version="2.37.1">
        <file crc="3126457443" name="config/Modules/org-netbeans-modules-javahelp.xml"/>
        <file crc="3125108413" name="modules/ext/jhall-2.0_05.jar"/>
        <file crc="1343959160" name="modules/locale/org-netbeans-modules-javahelp_ja.jar"/>
        <file crc="60173585" name="modules/locale/org-netbeans-modules-javahelp_pt_BR.jar"/>
        <file crc="4227839282" name="modules/locale/org-netbeans-modules-javahelp_ru.jar"/>
        <file crc="39195348" name="modules/locale/org-netbeans-modules-javahelp_zh_CN.jar"/>
        <file crc="71357301" name="modules/org-netbeans-modules-javahelp.jar"/>
    </module_version>
</module>
