<?xml version="1.0" encoding="UTF-8"?><module codename="org.openide.execution">
    <module_version install_time="1416338234186" last="true" origin="installer" specification_version="1.36.1">
        <file crc="3133979221" name="config/ModuleAutoDeps/org-openide-execution.xml"/>
        <file crc="1899864534" name="config/Modules/org-openide-execution.xml"/>
        <file crc="3632011616" name="modules/locale/org-openide-execution_ja.jar"/>
        <file crc="2167070589" name="modules/locale/org-openide-execution_pt_BR.jar"/>
        <file crc="1604097219" name="modules/locale/org-openide-execution_ru.jar"/>
        <file crc="2944530430" name="modules/locale/org-openide-execution_zh_CN.jar"/>
        <file crc="2250598743" name="modules/org-openide-execution.jar"/>
    </module_version>
</module>
