<?xml version="1.0" encoding="UTF-8"?><module codename="org.netbeans.core.network">
    <module_version install_time="1416339040272" last="true" origin="installer" specification_version="1.6.1">
        <file crc="2799144563" name="config/Modules/org-netbeans-core-network.xml"/>
        <file crc="2601114686" name="modules/ext/nsProxyAutoConfig.js"/>
        <file crc="2860892044" name="modules/locale/org-netbeans-core-network_ja.jar"/>
        <file crc="3589688421" name="modules/locale/org-netbeans-core-network_pt_BR.jar"/>
        <file crc="266051241" name="modules/locale/org-netbeans-core-network_ru.jar"/>
        <file crc="1213410489" name="modules/locale/org-netbeans-core-network_zh_CN.jar"/>
        <file crc="4107673134" name="modules/org-netbeans-core-network.jar"/>
    </module_version>
</module>
