<?xml version="1.0" encoding="UTF-8"?><module codename="org.netbeans.modules.autoupdate.services">
    <module_version install_time="1416338618814" last="true" origin="installer" specification_version="1.47.2">
        <file crc="83784818" name="config/Modules/org-netbeans-modules-autoupdate-services.xml"/>
        <file crc="3859078774" name="modules/ext/locale/updater_ja.jar"/>
        <file crc="2861551538" name="modules/ext/locale/updater_pt_BR.jar"/>
        <file crc="952717647" name="modules/ext/locale/updater_ru.jar"/>
        <file crc="3378009771" name="modules/ext/locale/updater_zh_CN.jar"/>
        <file crc="2755315708" name="modules/ext/updater.jar"/>
        <file crc="518508813" name="modules/locale/org-netbeans-modules-autoupdate-services_ja.jar"/>
        <file crc="4095938362" name="modules/locale/org-netbeans-modules-autoupdate-services_pt_BR.jar"/>
        <file crc="4233011763" name="modules/locale/org-netbeans-modules-autoupdate-services_ru.jar"/>
        <file crc="3343557252" name="modules/locale/org-netbeans-modules-autoupdate-services_zh_CN.jar"/>
        <file crc="3018805468" name="modules/org-netbeans-modules-autoupdate-services.jar"/>
    </module_version>
</module>
