<?xml version="1.0" encoding="UTF-8"?><module codename="org.netbeans.swing.outline">
    <module_version install_time="1416337915176" last="true" origin="installer" specification_version="1.30.1">
        <file crc="3679534386" name="config/Modules/org-netbeans-swing-outline.xml"/>
        <file crc="1717221648" name="modules/locale/org-netbeans-swing-outline_ja.jar"/>
        <file crc="3225893760" name="modules/locale/org-netbeans-swing-outline_pt_BR.jar"/>
        <file crc="3854583138" name="modules/locale/org-netbeans-swing-outline_ru.jar"/>
        <file crc="2512631168" name="modules/locale/org-netbeans-swing-outline_zh_CN.jar"/>
        <file crc="3134667764" name="modules/org-netbeans-swing-outline.jar"/>
    </module_version>
</module>
