<?xml version="1.0" encoding="UTF-8"?><module codename="jav.axis2">
    <module_version install_time="1457099968884" last="true" origin="installer" specification_version="1.0.1">
        <file crc="3273973854" name="config/Modules/jav-axis2.xml"/>
        <file crc="3871716876" name="modules/ext/XmlSchema-1.4.7.jar"/>
        <file crc="984909869" name="modules/ext/activation-1.1.jar"/>
        <file crc="914671301" name="modules/ext/antlr-2.7.7.jar"/>
        <file crc="2396452760" name="modules/ext/axiom-api-1.2.12.jar"/>
        <file crc="3962572296" name="modules/ext/axiom-dom-1.2.12.jar"/>
        <file crc="3526063065" name="modules/ext/axiom-impl-1.2.12.jar"/>
        <file crc="2136778451" name="modules/ext/axis2-adb-1.6.1.jar"/>
        <file crc="910365591" name="modules/ext/axis2-adb-codegen-1.6.1.jar"/>
        <file crc="1623410057" name="modules/ext/axis2-ant-plugin-1.6.1.jar"/>
        <file crc="2146804859" name="modules/ext/axis2-clustering-1.6.1.jar"/>
        <file crc="1379530964" name="modules/ext/axis2-codegen-1.6.1.jar"/>
        <file crc="2543991242" name="modules/ext/axis2-corba-1.6.1.jar"/>
        <file crc="1457355206" name="modules/ext/axis2-fastinfoset-1.6.1.jar"/>
        <file crc="2323717905" name="modules/ext/axis2-java2wsdl-1.6.1.jar"/>
        <file crc="442326665" name="modules/ext/axis2-jaxbri-1.6.1.jar"/>
        <file crc="3143045168" name="modules/ext/axis2-jaxws-1.6.1.jar"/>
        <file crc="519603006" name="modules/ext/axis2-jibx-1.6.1.jar"/>
        <file crc="3897773819" name="modules/ext/axis2-json-1.6.1.jar"/>
        <file crc="3350500295" name="modules/ext/axis2-kernel-1.6.1.jar"/>
        <file crc="420886690" name="modules/ext/axis2-metadata-1.6.1.jar"/>
        <file crc="3671975843" name="modules/ext/axis2-mtompolicy-1.6.1.jar"/>
        <file crc="2534945483" name="modules/ext/axis2-saaj-1.6.1.jar"/>
        <file crc="1440067199" name="modules/ext/axis2-soapmonitor-servlet-1.6.1.jar"/>
        <file crc="3737732220" name="modules/ext/axis2-spring-1.6.1.jar"/>
        <file crc="2675770477" name="modules/ext/axis2-transport-http-1.6.1.jar"/>
        <file crc="1248266167" name="modules/ext/axis2-transport-local-1.6.1.jar"/>
        <file crc="3587786984" name="modules/ext/axis2-xmlbeans-1.6.1.jar"/>
        <file crc="568267667" name="modules/ext/bcel-5.1.jar"/>
        <file crc="919992673" name="modules/ext/commons-cli-1.2.jar"/>
        <file crc="1856893722" name="modules/ext/commons-codec-1.3.jar"/>
        <file crc="3466868885" name="modules/ext/commons-fileupload-1.2.jar"/>
        <file crc="1640872803" name="modules/ext/commons-httpclient-3.1.jar"/>
        <file crc="2487559454" name="modules/ext/commons-io-1.4.jar"/>
        <file crc="3077296198" name="modules/ext/commons-logging-1.1.1.jar"/>
        <file crc="1785294948" name="modules/ext/geronimo-annotation_1.0_spec-1.1.jar"/>
        <file crc="3833878570" name="modules/ext/geronimo-jaxws_2.2_spec-1.0.jar"/>
        <file crc="1206668059" name="modules/ext/geronimo-jta_1.1_spec-1.1.jar"/>
        <file crc="1433038956" name="modules/ext/geronimo-saaj_1.3_spec-1.0.1.jar"/>
        <file crc="968757400" name="modules/ext/geronimo-stax-api_1.0_spec-1.0.1.jar"/>
        <file crc="3605717475" name="modules/ext/geronimo-ws-metadata_2.0_spec-1.1.2.jar"/>
        <file crc="475510256" name="modules/ext/httpcore-4.0.jar"/>
        <file crc="4280308756" name="modules/ext/jalopy-1.5rc3.jar"/>
        <file crc="3224142146" name="modules/ext/jaxb-api-2.1.jar"/>
        <file crc="543756465" name="modules/ext/jaxb-impl-2.1.7.jar"/>
        <file crc="1790776853" name="modules/ext/jaxb-xjc-2.1.7.jar"/>
        <file crc="409387958" name="modules/ext/jaxen-1.1.1.jar"/>
        <file crc="2814806772" name="modules/ext/jaxws-tools-2.1.3.jar"/>
        <file crc="2089659941" name="modules/ext/jettison-1.0-RC2.jar"/>
        <file crc="227003591" name="modules/ext/jibx-bind-1.2.jar"/>
        <file crc="3980486002" name="modules/ext/jibx-run-1.2.jar"/>
        <file crc="424825325" name="modules/ext/jsr311-api-1.0.jar"/>
        <file crc="2117238728" name="modules/ext/juli-6.0.16.jar"/>
        <file crc="2197124025" name="modules/ext/log4j-1.2.15.jar"/>
        <file crc="947707712" name="modules/ext/mail-1.4.jar"/>
        <file crc="1620431818" name="modules/ext/mex-1.6.1-impl.jar"/>
        <file crc="511175656" name="modules/ext/neethi-3.0.1.jar"/>
        <file crc="4035430776" name="modules/ext/regexp-1.2.jar"/>
        <file crc="4117589625" name="modules/ext/tribes-6.0.16.jar"/>
        <file crc="2755554550" name="modules/ext/woden-api-1.0M9.jar"/>
        <file crc="4189991051" name="modules/ext/woden-impl-commons-1.0M9.jar"/>
        <file crc="1973935362" name="modules/ext/woden-impl-dom-1.0M9.jar"/>
        <file crc="3463592107" name="modules/ext/wsdl4j-1.6.2.jar"/>
        <file crc="3803536022" name="modules/ext/wstx-asl-3.2.9.jar"/>
        <file crc="1320747377" name="modules/ext/xalan-2.7.0.jar"/>
        <file crc="3465659427" name="modules/ext/xml-resolver-1.2.jar"/>
        <file crc="3116060521" name="modules/ext/xmlbeans-2.3.0.jar"/>
        <file crc="2972926034" name="modules/jav-axis2.jar"/>
    </module_version>
</module>
