<?xml version="1.0" encoding="UTF-8"?><module codename="javax.media.jai">
    <module_version install_time="1457099969657" last="true" origin="installer" specification_version="1.0.1">
        <file crc="2514069877" name="config/Modules/javax-media-jai.xml"/>
        <file crc="831470086" name="modules/ext/jai_codec.jar"/>
        <file crc="1342344976" name="modules/ext/jai_core.jar"/>
        <file crc="4289146062" name="modules/ext/libmlib_jai.so"/>
        <file crc="3663365855" name="modules/ext/mlib_image.dll"/>
        <file crc="2603391011" name="modules/ext/mlib_jai.dll"/>
        <file crc="2509224491" name="modules/ext/mlib_jai_mmx.dll"/>
        <file crc="1392745037" name="modules/ext/mlib_jai_util.dll"/>
        <file crc="3476756956" name="modules/ext/mlibwrapper_jai.jar"/>
        <file crc="64949110" name="modules/javax-media-jai.jar"/>
        <file crc="831470086" name="modules/lib/jai_codec.jar"/>
        <file crc="1342344976" name="modules/lib/jai_core.jar"/>
        <file crc="4289146062" name="modules/lib/libmlib_jai.so"/>
        <file crc="3663365855" name="modules/lib/mlib_image.dll"/>
        <file crc="2603391011" name="modules/lib/mlib_jai.dll"/>
        <file crc="2509224491" name="modules/lib/mlib_jai_mmx.dll"/>
        <file crc="1392745037" name="modules/lib/mlib_jai_util.dll"/>
        <file crc="3476756956" name="modules/lib/mlibwrapper_jai.jar"/>
    </module_version>
</module>
